{"accuracy": 0.4466571834992888, "hamming": 1.3044096728307255}