{"accuracy": 0.9662698412698413, "hamming": 0.03373015873015873}