{"accuracy": 0.8472222222222222, "hamming": 0.2876984126984127}