{"accuracy": 0.9761904761904762, "hamming": 0.023809523809523808}