{"accuracy": 0.9265873015873016, "hamming": 0.0873015873015873}