{"accuracy": 0.4822190611664296, "hamming": 1.1479374110953058}