{"accuracy": 0.45803698435277385, "hamming": 1.2816500711237553}