{"accuracy": 0.6386913229018493, "hamming": 0.8193456614509246}