{"accuracy": 0.4466571834992888, "hamming": 1.2773826458036985}