{"accuracy": 0.45376955903271693, "hamming": 1.1522048364153628}