{"accuracy": 0.7140825035561877, "hamming": 0.6273115220483642}