{"accuracy": 0.9543650793650794, "hamming": 0.047619047619047616}