{"accuracy": 0.44950213371266, "hamming": 1.294452347083926}