{"accuracy": 0.7083333333333334, "hamming": 0.5753968253968254}