{"accuracy": 0.48079658605974396, "hamming": 1.2048364153627311}