{"accuracy": 0.9623015873015873, "hamming": 0.037698412698412696}