{"accuracy": 0.9861111111111112, "hamming": 0.013888888888888888}