{"accuracy": 0.5120910384068279, "hamming": 0.9203413940256046}