{"accuracy": 0.9742063492063492, "hamming": 0.025793650793650792}