{"accuracy": 0.44950213371266, "hamming": 1.2574679943100995}