{"accuracy": 0.9722222222222222, "hamming": 0.027777777777777776}