{"accuracy": 0.6329365079365079, "hamming": 2.8412698412698414}