{"accuracy": 0.6686507936507936, "hamming": 2.988095238095238}