{"accuracy": 0.6527777777777778, "hamming": 2.8968253968253967}