{"accuracy": 0.001984126984126984, "hamming": 16.071428571428573}