{"accuracy": 0.6051587301587301, "hamming": 3.8035714285714284}