{"accuracy": 0.373015873015873, "hamming": 7.517857142857143}