{"accuracy": 0.15476190476190477, "hamming": 11.446428571428571}