{"accuracy": 0.3412698412698413, "hamming": 7.906746031746032}