{"accuracy": 0.013888888888888888, "hamming": 15.742063492063492}