{"accuracy": 0.48214285714285715, "hamming": 5.611111111111111}