{"accuracy": 0.3134920634920635, "hamming": 12.728174603174603}