{"accuracy": 0.6527777777777778, "hamming": 2.9126984126984126}